,NOMBRE,LATITUD,LONGITUD
0,HOSPITAL COMUNITARIO ATOTONILCO EL ALTO,20.5504,-102.508
1,MODULO ATOTONILCO,20.5504,-102.508
2,UNIDAD MOVIL ATOTONILCO II,20.5505,-102.508
3,HOSPITAL COMUNITARIO ATOTONILCO EL ALTO MADRE MARIA LUISITA DE LA PE NA NAVARRO,20.5503,-102.508
4,CENTRO DE SALUD SAN FRANCISCO DE ASIS,20.5976,-102.563
5,CENTRO DE SALUD MARGARITAS,20.4512,-102.472
6,CENTRO DE SALUD MILPILLAS,20.5031,-102.535
7,CENTRO DE SALUD LA PURISIMA,20.6065,-102.466
8,CENTRO DE SALUD SAN ANTONIO DE FERNANDEZ,20.5473,-102.616
9,CENTRO DE SALUD EL VALLE,20.4898,-102.534
10,CENTRO DE SALUD AYOTLAN,20.5293,-102.33
11,MODULO AYOTLAN,20.5293,-102.33
12,UNIDAD MOVIL AYOTLAN II,20.5294,-102.33
13,CENTRO DE SALUD BETANIA,20.5839,-102.377
14,CENTRO DE SALUD LA CONCEPCION,20.3491,-102.331
15,CENTRO DE SALUD LA ISLA,20.4874,-102.351
16,CENTRO DE SALUD LA RIBERA,20.3505,-102.286
17,CENTRO DE SALUD SANTA RITA,20.4442,-102.391
18,CENTRO DE SALUD LA BARCA,20.2845,-102.548
19,MODULO LA BARCA,20.299,-102.542
20,UNIDAD MOVIL LA BARCA,20.2977,-102.543
21,CENTRO DE SALUD LA BARCA,20.2963,-102.543
22,HOSPITAL REGIONAL LA BARCA,20.2909,-102.545
23,LABORATORIO DE SALUD PUBLICA,20.2961,-102.543
24,UNIDAD MOVIL DE ATENCION A LA SALUD DE LA MUJER,20.3915,-103.131
25,OFICINAS ADMINISTRATIVAS,20.2962,-102.543
26,ALMACEN,20.2961,-102.543
27,CENTRO DE SALUD CANALES,20.4058,-102.618
28,CENTRO DE SALUD EL CARMEN,20.4091,-102.421
29,CENTRO DE SALUD EL GOBERNADOR,20.3901,-102.455
30,CENTRO DE SALUD GUADALUPE DE LERMA,20.3406,-102.361
31,CENTRO DE SALUD LA PAZ DE ORDAZ,20.3442,-102.532
32,CENTRO DE SALUD PORTEZUELO,20.4139,-102.517
33,CENTRO DE SALUD SAN ANTONIO DE RIVAS,20.35,-102.427
34,CENTRO DE SALUD SAN FRANCISCO DE RIVAS,20.3398,-102.569
35,CENTRO DE SALUD SAN JOSE CASAS CAIDAS,20.4228,-102.441
36,CENTRO DE SALUD SAN JOSE DE LAS MORAS,20.3253,-102.592
37,CENTRO DE SALUD SAN RAMON,20.3547,-102.457
38,CENTRO DE SALUD SANTA LUCIA,20.3635,-102.372
39,CENTRO DE SALUD ZALAMEA,20.3174,-102.508
40,CENTRO DE SALUD VILLA GARCIA MARQUEZ,20.4304,-102.492
41,CENTRO DE SALUD CHAPALA,20.2919,-103.188
42,CENTRO DE SALUD AJIJIC,20.2981,-103.269
43,CENTRO DE SALUD ATOTONILQUILLO,20.393,-103.129
44,CENTRO DE SALUD SAN ANTONIO TLAYACAPAN,20.2918,-103.241
45,CENTRO DE SALUD SAN NICOLAS DE IBARRA,20.3303,-103.13
46,CENTRO DE SALUD SANTA CRUZ DE LA SOLEDAD,20.3184,-103.158
47,CENTRO DE SALUD DEGOLLADO,20.4474,-102.139
48,MODULO DEGOLLADO,20.4474,-102.139
49,UNIDAD MOVIL DEGOLLADO II,20.4475,-102.14
50,CENTRO DE SALUD BUENOS AIRES,20.3838,-102.176
51,CENTRO DE SALUD HUASCATO,20.4791,-102.25
52,CENTRO DE SALUD JAMAY,20.2946,-102.713
53,CENTRO DE SALUD MALTARA NA,20.2261,-102.683
54,CENTRO DE SALUD SAN AGUSTIN,20.2891,-102.633
55,CENTRO DE SALUD SAN MIGUEL DE LA PAZ,20.3698,-102.662
56,CENTRO DE SALUD JOCOTEPEC,20.2807,-103.43
57,U. M. JOCOTEPEC,20.2807,-103.43
58,CENTRO DE SALUD POTRERILLOS,20.3364,-103.376
59,CENTRO DE SALUD SAN CRISTOBAL ZAPOTITAN,20.2251,-103.374
60,CENTRO DE SALUD SAN JUAN COSALA,20.2861,-103.343
61,CENTRO DE SALUD SAN PEDRO TESISTAN,20.2286,-103.414
62,CENTRO DE SALUD LAS TROJES,20.3343,-103.329
63,CENTRO DE SALUD ZAPOTITAN DE HIDALGO,20.3219,-103.49
64,MODULO OCOTLAN,20.354,-102.763
65,CENTRO DE SALUD OCOTLAN,20.3518,-102.763
66,UNIDAD ESPECIALIZADA EN ATENCION OBSTETRICA Y CUIDADOS NEONATALES OCOTLAN,20.3514,-102.768
67,CENTRO DE ATENCION PRIMARIA EN ADICCIONES NUEVA VIDA OCOTLAN,20.3555,-102.758
68,CENTRO DE SALUD SAN VICENTE (LABOR VIEJA),20.4282,-102.654
69,CENTRO DE SALUD SAN MARTIN DE ZULA,20.4056,-102.728
70,CENTRO DE SALUD PONCITLAN,20.379,-102.928
71,MODULO PONCITLAN,20.379,-102.928
72,CENTRO DE SALUD CUITZEO,20.3388,-102.787
73,CENTRO DE SALUD MEZCALA,20.3363,-103.018
74,CENTRO DE SALUD SAN JACINTO,20.3997,-103.057
75,CENTRO DE SALUD SAN JUAN TECOMATLAN,20.3273,-103.101
76,CENTRO DE SALUD SAN MIGUEL ZAPOTITLAN,20.3958,-102.998
77,CENTRO DE SALUD SAN PEDRO ITZICAN,20.3178,-102.956
78,CENTRO DE SALUD SANTA CRUZ EL GRANDE,20.3765,-102.864
79,CENTRO DE SALUD TIZAPAN EL ALTO,20.1707,-103.04
80,UNIDAD MOVIL TIZAPAN EL ALTO,20.1624,-103.048
81,CENTRO DE SALUD VILLA EMILIANO ZAPATA,20.1668,-102.993
82,CENTRO DE SALUD TOTOTLAN,20.5407,-102.79
83,MODULO TOTOTLAN,20.5431,-102.795
84,CENTRO DE SALUD SAN ISIDRO,20.5722,-102.718
85,CENTRO DE SALUD TUXCUECA,20.1547,-103.183
86,UNIDAD MOVIL TUXCUECA,20.1547,-103.183
87,CENTRO DE SALUD SAN LUIS SOYATLAN,20.1948,-103.303
88,CENTRO DE SALUD ZAPOTLAN DEL REY,20.469,-102.925
89,MODULO ZAPOTLAN DEL REY,20.4649,-102.926
90,CENTRO DE SALUD AHUATLAN,20.4173,-102.888
91,CENTRO DE SALUD OTATLAN,20.4413,-102.806
92,CENTRO DE SALUD TECUALTITAN,20.4276,-103.029
93,CENTRO DE SALUD BOLA NOS,21.8313,-103.781
94,MODULO BOLA NOS,21.8319,-103.781
95,CARAVANA TIPO I BOLA NOS,21.8319,-103.781
96,BORROTES DE ABAJO,21.8125,-103.749
97,CENTRO DE SALUD HUILACATITLAN,21.8654,-103.771
98,CENTRO DE SALUD TUXPAN DE BOLA NOS,21.8749,-104.02
99,MODULO TUXPAN DE BOLA NOS,21.8749,-104.02
100,CENTRO DE SALUD MESA DEL TIRADOR,21.793,-104.04
101,MODULO MESA DEL TIRADOR,21.793,-104.04
102,OFICINAS ADMINISTRATIVAS,22.1233,-103.263
103,ALMACEN COLOTLAN,22.1183,-103.265
104,HOSPITAL COMUNITARIO COLOTLAN,22.1182,-103.265
105,MODULO COLOTLAN,22.1008,-103.27
106,UNIDAD MOVIL DENTAL COLOTLAN,22.1229,-103.263
107,LABORATORIO DE SALUD PUBLICA,22.1232,-103.263
108,UNIDAD MOVIL DE SALUD DE LA MUJER COLOTLAN,22.1223,-103.263
109,CENTRO DE ATENCION PRIMARIA EN ADICCIONES NUEVA VIDA COLOTLAN,22.1022,-103.277
110,UNEMES SALUD MENTAL COLOTLAN,22.1127,-103.256
111,CENTRO DE SALUD AGUA GORDA,21.9606,-103.332
112,CENTRO DE SALUD EL CARRIZAL,22.0492,-103.126
113,CENTRO DE SALUD DOLORES,22.0142,-103.319
114,CENTRO DE SALUD EL EPAZOTE,22.19,-103.391
115,CENTRO DE SALUD SAN RAFAEL DEL REFUGIO,21.9956,-103.223
116,CENTRO DE SALUD CHIMALTITAN,21.7785,-103.782
117,MODULO CHIMALTITAN,21.7818,-103.782
118,CENTRO DE SALUD CHIMALTITAN,21.786492,-103.772867
119,CENTRO DE SALUD COCUASCO,21.8344,-103.644
120,CENTRO DE SALUD SAN JUAN DE POTREROS,21.7053,-103.598
121,CENTRO DE SALUD TEPIZUAC,21.625,-103.639
122,CENTRO DE SALUD HUEJUCAR,22.3591,-103.212
123,MODULO HUEJUCAR,22.3589,-103.211
124,CENTRO DE SALUD LAS BOCAS,22.323,-103.269
125,CENTRO DE SALUD SAN JOSE DE LOS MARQUEZ,22.3562,-103.335
126,CENTRO DE SALUD TLALCOSAHUA,22.2728,-103.171
127,HOSPITAL COMUNITARIO HUEJUQUILLA EL ALTO,22.6286,-103.898
128,MODULO HUEJUQUILLA EL ALTO,22.6265,-103.898
129,CENTRO DE SALUD ARROYOS DEL AGUA,22.6556,-103.961
130,LOS ORTEGA,22.7097,-103.928
131,CENTRO DE SALUD SAN JOSE DE MADERAS,22.6869,-103.834
132,CENTRO DE SALUD SAN NICOLAS DE ACU NA,22.5339,-103.893
133,CENTRO DE SALUD TENZOMPA,22.3727,-103.928
134,ALMACEN MEZQUITIC,22.392,-103.73
135,MODULO MEZQUITIC,22.392,-103.731
136,CARAVANA TIPO II MEZQUITIC,21.9268,-103.445
137,CENTRO DE SALUD MEZQUITIC,22.3863,-103.727
138,CENTRO DE SALUD LOS AMOLES,22.0581,-103.932
139,MODULO AMOLES,22.0581,-103.932
140,CENTRO DE SALUD MINILLAS,22.4953,-103.636
141,CENTRO DE SALUD MINILLAS,22.4953,-103.636
142,CENTRO DE SALUD EL MORTERO,22.3546,-103.664
143,CENTRO DE SALUD NOSTIC,22.3186,-103.735
144,CENTRO DE SALUD NUEVA COLONIA,22.3108,-104.026
145,MODULO NUEVA COLONIA,22.3108,-104.026
146,CENTRO DE SALUD POPOTITA,22.0436,-104.292
147,CENTRO DE SALUD PUEBLO NUEVO,22.2192,-104.061
148,MODULO PUEBLO NUEVO,22.2192,-104.061
149,CENTRO DE SALUD SAN ANDRES COHAMIATA,22.1894,-104.241
150,MODULO SAN ANDRES COHAMIATA,22.1894,-104.241
151,CENTRO DE SALUD SAN SEBASTIAN TEPONAHUASTLAN,22.0808,-104.064
152,MODULO SAN SEBASTIAN,22.0808,-104.064
153,SANTA CRUZ,22.0608,-104.185
154,MODULO SANTA CRUZ,22.0608,-104.185
155,CENTRO DE SALUD SAN MIGUEL HUAIXTITA,22.0703,-104.321
156,MODULO SAN MIGUEL HUAIXTITA,22.0703,-104.321
157,CENTRO DE SALUD EL CHALATE,22.1356,-104.279
158,CENTRO DE SALUD SANTA GERTRUDIS,22.0728,-104.191
159,CENTRO DE SALUD TECHALOTITA,22.0042,-104.171
160,MODULO OCOTA DE LA SIERRA,21.9253,-104.159
161,CENTRO DE SALUD SAN MARTIN DE BOLA NOS,21.6832,-103.814
162,MODULO SAN MARTIN DE BOLA NOS,21.6832,-103.814
163,CENTRO DE SALUD MAMATLA,21.6028,-103.829
164,CENTRO DE SALUD SANTA MARIA DE LOS ANGELES,22.1744,-103.224
165,MODULO SANTA MARIA DE LOS ANGELES,22.1744,-103.224
166,BOQUILLA DE ZARAGOZA,22.1717,-103.201
167,CENTRO DE SALUD HUACASCO,22.2116,-103.099
168,CENTRO DE SALUD SAUZ DE LOS MARQUEZ,22.1121,-103.117
169,CENTRO DE SALUD TOTATICHE,21.93,-103.442
170,MODULO TOTATICHE,21.93,-103.442
171,CENTRO DE SALUD TOTATICHE,21.9286,-103.444
172,CENTRO DE SALUD TEMASTIAN,21.9747,-103.527
173,CENTRO DE SALUD VILLA GUERRERO,21.9817,-103.593
174,MODULO VILLA GUERRERO,21.9832,-103.594
175,CENTRO DE SALUD ATZQUELTAN,22.0419,-103.735
176,CENTRO DE SALUD SAN CRISTOBAL DE LA BARRANCA,21.0458,-103.428
177,UNIDAD MOVIL SAN CRISTOBAL DE LA BARRANCA,21.0443,-103.428
178,UNIDAD MOVIL II SAN CRISTOBAL DE LA BARRANCA,21.0444,-103.428
179,UNIDAD MOVIL III SAN CRISTOBAL DE LA BARRANCA,21.0444,-103.428
180,CENTRO DE SALUD LA LOBERA,21.0017,-103.347
181,INSTITUTO DERMATOLOGICO DE JALISCO DR. JOSE BARBA RUBIO,20.7242,-103.353
182,CLINICA ESTATAL DE DISPLACIAS,20.7173,-103.366
183,INSTITUTO JALISCIENSE DE ALIVIO AL DOLOR Y CUIDADOS PALIATIVOS,20.7172,-103.37
184,CENTRO DE ATENCION INTEGRAL EN SALUD MENTAL ESTANCIA BREVE,20.7176,-103.371
185,HOSPITAL GENERAL DE ZAPOPAN (CIVIL),20.7242,-103.396
186,HOSPITAL GENERAL DE OCCIDENTE,20.7179,-103.37
187,UNID.MOVIL ZAP. NTE # II,20.7393,-103.35
188,CENTRO DE SALUD BALCONES DE LA CANTERA,20.7461,-103.354
189,CENTRO DE SALUD LOMAS DE TABACHINES,20.747,-103.356
190,CENTRO DE SALUD NUEVO VERGEL,20.7526,-103.363
191,CENTRO DE SALUD COLONIA INDIGENA,20.7376,-103.33
192,CENTRO DE SALUD EL BRISE NO,20.6247,-103.439
193,CENTRO DE SALUD CIUDAD GRANJA,20.7656,-103.351
194,CENTRO DE SALUD MESA COLORADA,20.7608,-103.337
195,CENTRO DE SALUD SAN JUAN DE OCOTAN,20.7123,-103.457
196,CENTRO DE SALUD SANTA ANA TEPETITLAN,20.6196,-103.457
197,CENTRO DE SALUD HOGARES DE NUEVO MEXICO,20.767,-103.421
198,CENTRO DE SALUD LOS CAJETES,20.6221,-103.438
199,CENTRO DE SALUD ATEMAJAC,20.7474,-103.343
200,CENTRO DE SALUD BENITO JUAREZ,20.7303,-103.339
201,CENTRO DE SALUD FRANCISCO SARABIA,20.6102,-103.436
202,CENTRO DE SALUD LA MARTINICA,20.7469,-103.367
203,CENTRO DE SALUD ARROYO HONDO,20.7593,-103.343
204,CENTRO DE SALUD MIRAMAR,20.6349,-103.448
205,CENTRO DE SALUD PARAISOS DEL COLLI,20.6492,-103.449
206,CENTRO DE SALUD EL ZAPOTE,20.6548,-103.417
207,CENTRO DE SALUD STA MARIA DEL PUEBLITO,20.6786,-103.437
208,CENTRO DE SALUD MERCADO BOLA,20.7276,-103.368
209,CENTRO DE SALUD EL COLLI,20.644,-103.433
210,CENTRO DE SALUD ZAPOPAN NORTE I,20.7225,-103.396
211,CENTRO DE SALUD LOMA BONITA,20.6292,-103.405
212,CENTRO DE SALUD SANTA MARGARITA,20.7333,-103.423
213,CENTRO DE SALUD CONSTITUCION,20.7312,-103.361
214,CENTRO DE SALUD ZAPOPAN NORTE II,20.772,-103.45
215,OFICINAS ADMINISTRATIVAS,20.6768,-103.437
216,INSTITUTO JALISCIENSE DE SALUD MENTAL,20.6768,-103.437
217,ALMACEN ESTATAL,20.6768,-103.437
218,ALMACEN,20.6768,-103.437
219,UNIDAD MOVIL COLONIA NUEVO MEXICO,20.7631,-103.435
220,CENTRO DE SALUD NUEVO MEXICO,20.7676,-103.447
221,CENTRO DE SALUD MESA DE OCOTES,20.7634,-103.347
222,CENTRO DE SALUD ARENALES TAPATIOS,20.6415,-103.466
223,CENTRO JALISCIENSE DE LA TRANSFUSION SANGUINEA,20.7203,-103.392
224,CENTRO DE ATENCION PRIMARIA EN ADICCIONES NUEVA VIDA ZAPOPAN I,20.7483,-103.373
225,CENTRO DE ATENCION PRIMARIA EN ADICCIONES NUEVA VIDA ZAPOPAN II,20.6582,-103.447
226,UNIDAD MOVIL DE ATENCION A LA SALUD DE LA MUJER ZAPOPAN,20.6838,-103.451
227,LABORATORIO DE SALUD PUBLICA ESTATAL,20.6768,-103.437
228,CENTRO DE SALUD LA MAGDALENA,20.808,-103.462
229,CENTRO DE SALUD LA PRIMAVERA,20.7246,-103.563
230,CENTRO DE SALUD IXCATAN,20.8607,-103.342
231,CENTRO DE SALUD NEXTIPAC,20.7671,-103.526
232,CENTRO DE SALUD SAN ESTEBAN,20.7985,-103.376
233,CENTRO DE SALUD SAN ISIDRO ZAPOPAN,20.7916,-103.36
234,UNIDAD MOVIL TESISTAN,20.7987,-103.487
235,CENTRO DE SALUD TESISTAN,20.7281,-103.388
236,CENTRO DE SALUD LA VENTA DEL ASTILLERO,20.7267,-103.546
237,CENTRO DE SALUD LOMAS DE LA PRIMAVERA,20.6467,-103.483
238,CENTRO DE SALUD CUQUIO,20.9309,-103.027
239,MODULO CUQUIO,20.9312,-103.027
240,CARAVANA DE LA SALUD CUQUIO,20.9308,-103.028
241,CENTRO DE SALUD EL CARRICILLO,21.0028,-102.946
242,CENTRO DE SALUD LAS CRUCES,21.0245,-103.112
243,CENTRO DE SALUD EL CUATRO,20.8561,-103.026
244,CENTRO DE SALUD JUCHITLAN,21.0424,-103.059
245,CENTRO DE SALUD SAN JUAN DEL MONTE,20.917,-103.127
246,CENTRO DE SALUD TEPONAHUASCO,20.9048,-103.046
247,CENTRO DE SALUD IXTLAHUACAN DEL RIO,20.8671,-103.242
248,MODULO I IXTLAHUACAN DEL RIO,20.8671,-103.242
249,MODULO II IXTLAHUACAN DEL RIO,20.8672,-103.242
250,CENTRO DE SALUD AGUA COLORADA,20.9469,-103.206
251,CENTRO DE SALUD MASCUALA,20.7712,-103.274
252,CENTRO DE SALUD PALOS ALTOS,20.8686,-103.153
253,CENTRO DE SALUD SAN ANTONIO DE LOS VAZQUEZ,20.8164,-103.149
254,CENTRO DE SALUD TLACOTAN,20.8225,-103.191
255,CENTRO DE SALUD TREJOS,20.7907,-103.194
256,CENTRO DE SALUD JUANACATLAN,20.5079,-103.168
257,UNIDAD MOVIL JUANACATLAN,20.507778,-103.1675
258,CENTRO DE SALUD SAN ANTONIO JUANACAXTLE,20.5314,-103.155
259,CENTRO DE SALUD EX-HDA. DE ZAPOTLANEJO,20.4576,-103.165
260,CENTRO DE SALUD EL SALTO,20.516,-103.182
261,MODULO EL SALTO,20.5207,-103.176
262,CENTRO DE SALUD LA HUIZACHERA,20.560576,-103.332189
263,CENTRO DE SALUD LAS PINTITAS,20.5557,-103.302
264,CENTRO DE SALUD SAN JOSE DEL CASTILLO,20.518,-103.234
265,CETNRO DE SALUD EL VERDE,20.5545,-103.278
266,CENTRO DE SALUD SAN JOSE EL QUINCE,20.5402,-103.29
267,MODULO TONALA I,20.6324,-103.252
268,CENTRO DE SALUD SAN GASPAR DE LAS FLORES,20.6757,-103.244
269,CENTRO DE SALUD LOMAS DEL CAMICHIN,20.6294,-103.275
270,CENTRO DE SALUD SANTA CRUZ DE LAS HUERTAS,20.6207,-103.27
271,CENTRO DE SALUD COLONIA JALISCO,20.6901,-103.282
272,CENTRO DE SALUD SANTA PAULA,20.5984,-103.244
273,CENTRO DE SALUD ZALATITAN,20.6584,-103.263
274,CENTRO DE SALUD BASILIO VADILLO,20.6882,-103.266
275,CENTRO DE SALUD EL ROSARIO,20.6442,-103.262
276,CENTRO DE SALUD TONALA,20.6236,-103.242
277,CENTRO DE SALUD LOMA BONITA,20.6529,-103.25
278,UNIDAD MOVIL DE ATENCION A LA SALUD DE LA MUJER CENTRO TONALA,20.6324,-103.252
279,UNEMES SALUD MENTAL TONALA,20.6485,-103.228
280,CENTRO DE ATENCION PRIMARIA EN ADICCIONES NUEVA VIDA TONALA 1,20.6498,-103.218
281,CENTRO DE ATENCION PRIMARIA EN ADICCIONES NUEVA VIDA TONALA II,20.6156,-103.265
282,OFICINAS ADMINISTRATIVAS,20.6742,-103.335
283,CENTRO DE SALUD ALAMEDAS DE ZALATITAN,20.6324,-103.252
284,CENTRO DE SALUD JAUJA,20.58,-103.224
285,MODULO EL ROSARIO TONALA II,20.6324,-103.252
286,CENTRO DE SALUD PUENTE GRANDE,20.5731,-103.152
287,MODULO I ZAPOTLANEJO,20.6244,-103.065
288,MODULO II ZAPOTLANEJO,20.6244,-103.065
289,CENTRO DE SALUD ZAPOTLANEJO,20.6258,-103.07
290,CENTRO DE SALUD ZAPOTLANEJO DOCTOR CARLOS ALVAREZ ALVAREZ,20.6286,-103.052
291,UNIDAD ESPECIALIZADA EN ATENCION OBSTETRICA Y CUIDADOS NEONATALES,20.6309,-103.076
292,CENTRO DE SALUD LA PURISIMA,20.7013,-103.034
293,CENTRO DE SALUD LA LAJA,20.5802,-103.125
294,CENTRO DE SALUD MATATLAN,20.7091,-103.15
295,CENTRO DE SALUD LA MORA,20.5512,-103.1
296,CENTRO DE SALUD SAN JOSE DE LAS FLORES,20.6471,-102.967
297,CENTRO DE SALUD SANTA FE,20.5258,-103.084
298,CENTRO DE SALUD SAUCILLO DE MALDONADO,20.5552,-102.925
299,CENTRO DE SALUD ACATLAN DE JUAREZ,20.4199,-103.596
300,UNIDAD MOVIL ACATLAN DE JUAREZ,20.4203,-103.596
301,CENTRO DE SALUD IXTLAHUACAN DE LOS MEMBRILLOS,20.3496,-103.1919
302,IXLAHUACAN DE LOS MEMBRILLOS M.S.R.,20.3467,-103.191
303,CENTRO DE SALUD ATEQUIZA,20.395959,-103.135278
304,CENTRO DE SALUD BUENA VISTA,20.3796,-103.214
305,CENTRO DE SALUD LA CANADA,20.3758,-103.263
306,CENTRO DE SALUD LA CAPILLA,20.4393,-103.204
307,CENTRO DE SALUD LOS CEDROS,20.389611,-103.231667
308,CENTRO DE SALUD EL RODEO,20.4069,-103.18
309,CENTRO DE SALUD SANTA ROSA DE LIMA,20.4147,-103.235
310,CENTRO DE SALUD TLAJOMULCO DE ZU NIGA,20.4759,-103.452
311,UNIDAD MOVIL TLAJOMULCO,20.4718,-103.444
312,CENTRO DE ATENCION PRIMARIA EN ADICCIONES NUEVA VIDA TLAJOMULCO,20.5186,-103.376
313,CARAVANA DE LA SALUD TLAJOMULCO,20.475,-103.447
314,CENTRO DE SALUD SAN JUAN EVANGELISTA,20.4043,-103.314
315,CENTRO DE SALUD CAJITITLAN,20.4314,-103.30739
316,CENTRO DE SALUD SAN MIGUEL CUYUTLAN,20.416667,103.391944
317,CENTRO DE SALUD NICOLAS R. CASILLAS,20.5478,-103.46785
318,CENTRO DE SALUD SAN LUCAS EVANGELISTA,20.4081,-103.362
319,CENTRO DE SALUD SAN LUCAS EVANGELISTA,20.406111,-103.35
320,CENTRO DE SALUD SAN SEBASTIAN EL GRANDE,20.529278,-103.430361
321,CENTRO DE SALUD SAN SEBASTIAN EL GRANDE,20.5307,-103.432
322,CENTRO DE SALUD SANTA CRUZ DE LAS FLORES,20.480629,-103.503079
323,CENTRO DE SALUD SANTA CRUZ DEL VALLE,20.5487,-103.334
324,CENTRO DE SALUD LA CONCHA,,
325,CENTRO DE SALUD SANTA CRUZ DEL VALLE,20.5475,-103.32999
326,CENTRO DE ATENCION INTEGRAL EN SALUD MENTAL ESTANCIA PROLONGADA,20.5051,-103.294
327,CENTRO DE SALUD ZAPOTE DEL VALLE,20.50473,-103.29232
328,CENTRO DE SALUD BUENA VISTA DE TLAJOMULCO,20.4567,-103.52
329,CENTRO DE SALUD LA ALAMEDA,20.4968,-103.25
330,CENTRO DE SALUD TULIPANES,20.5841,-103.4314
331,OFICINAS ADMINISTRATIVAS,20.6742,-103.335
332,ALMACEN,20.6742,-103.335
333,CENTRO INTEGRAL DE SALUD MENTAL TLAQUEPAQUE,20.586324,-103.30758
334,UNIDAD MOVIL DE ATENCION A LA SALUD DE LA MUJER CENTRO TLAQUEPAQUE,20.4155,-103.666
335,CENTRO DE ATENCION PRIMARIA EN ADICCIONES NUEVA VIDA TLAQUEPAQUE,20.6157,-103.295
336,CENTRO DE SALUD LOMAS DEL 4,20.588,-103.348
337,CENTRO DE SALUD CERRO DEL CUATRO,20.6015,-103.35
338,CENTRO DE SALUD LA DURAZNERA,20.59396,-103.31916
339,CENTRO DE SALUD URBANO MANUEL LOPEZ COTILLA,20.57467,-103.35891
340,CENTRO DE SALUD SAN JOSE TATEPOSCO,20.60628,-103.25662
341,CENTRO DE SALUD SANTA MARIA TEQUEPEXPAN,20.59659,-103.39365
342,CENTRO DE SALUD URBANO TOLUQUILLA,20.5982,-103.277
343,CENTRO DE SALUD PINTAS DE ABAJO,20.581667,-103.330833
344,CENTRO DE SALUD SAN MARTIN DE LAS FLORES,20.59898,-103.28816
345,CENTRO DE SALUD URBANO SANTA ROSALIA,20.6376,-103.29
346,CENTRO DE SALUD SAN PEDRITO,20.6165,-103.288
347,CENTRO DE SALUD LAS JUNTAS,20.6092,-103.337
348,CENTRO DE SALUD BUENOS AIRES,20.609,-103.367
349,CENTRO DE SALUD URBANO TLAQUEPAQUE ROSALES,20.6409,-103.3
350,CENTRO DE SALUD CERRO DEL CUATRO,20.6016,-103.3494
351,CENTRO DE SALUD BUENOS AIRES,20.609159,-103.366665
352,CENTRO DE SALUD SANTA ANITA,20.5519,-103.447
353,CENTRO DE SALUD VILLA CORONA,20.4245,-103.677
354,CENTRO DE SALUD VILLA CORONA,20.42011,-103.67033
355,CENTRO DE SALUD ATOTONILCO EL BAJO,20.3515,-103.67
356,CENTRO DE SALUD EL BARRO,20.4689,-103.749
357,CENTRO DE SALUD BUENAVISTA DE VILLA CORONA,20.338,-103.748
358,CENTRO DE SALUD JUAN GIL PRESIADO,20.372,-103.727
359,ALMACEN,20.6595,-103.345
360,UNIDAD MOVIL DE COLPOSCOPIA,20.679007,-103.342022
361,INSTITUTO JALISCIENSE DE CANCEROLOGIA,20.6879,-103.343
362,CENTRO DENTAL INFANTIL DE ESPECIALIDADES,20.6961,-103.348
363,HOSPITAL CIVIL DE GUADALAJARA FRAY ANTONIO ALCALDE,20.6858,-103.344
364,INSTITUTO JALISCIENSE DE CIRUGIA RECONSTRUCTIVA DR. JOSE GUERRERO SANTOS,20.7076,-103.355
365,HOSPITAL MATERNO INFANTIL ESPERANZA LOPEZ MATEOS,20.6627,-103.351
366,HOSPITAL CIVIL DE GUADALAJARA JUAN I. MENCHACA,20.6877,-103.333
367,CENTRO DE SALUD LA NOGALERA,20.6325,-103.343
368,CENTRO DE SALUD LOMAS DEL GALLO,20.6768,-103.274
369,CENTRO DE SALUD TETLAN RIO VERDE,20.7,-103.29
370,CENTRO DE SALUD NUEVA ESPA NA,20.6145,-103.391
371,CENTRO DE SALUD EL BETHEL,20.6901,-103.283
372,CENTRO DE SALUD ARANDAS,20.6918,-103.288
373,CENTRO DE SALUD LIBERTAD,20.6816,-103.29
374,CENTRO DE SALUD JARDINES DE SAN FRANCISCO,20.6656,-103.28
375,CENTRO DE SALUD SAN MIGUEL DE HUENTITAN,20.712,-103.294
376,CENTRO DE SALUD ARBOLEDAS DEL SUR,20.6177,-103.385
377,CENTRO DE SALUD LOMAS DEL PARAISO,20.7275,-103.325
378,CENTRO DE SALUD SANTA CECILIA,20.7043,-103.291
379,CENTRO DE SALUD POLANQUITO,20.6173,-103.373
380,CENTRO DE SALUD RANCHO NUEVO,20.7183,-103.326
381,CENTRO DE SALUD LAGOS DE ORIENTE,20.6693,-103.29
382,CENTRO DE SALUD SAN ANDRES I,20.6704,-103.299
383,CENTRO DE SALUD LAZARO CARDENAS,20.6256,-103.381
384,CENTRO DE SALUD BALCONES DE ARRIBA,20.6808,-103.299
385,CENTRO DE SALUD NÂ°1,20.6738,-103.333
386,CENTRO DE SALUD URBANO SAN ANDRES II,20.6594,-103.289
387,CENTRO DE SALUD ECHEVERRIA,20.6257,-103.364
388,CENTRO DE SALUD LA AURORA Y LA ESPERANZA,20.71,-103.307
389,CENTRO DE SALUD GUADALAJARA 3,20.6908,-103.353
390,CENTRO DE SALUD YUGOSLAVIA 4,20.6704,-103.314
391,OFICINAS ADMINISTRATIVAS,20.6595,-103.345
392,ALMACEN,20.6709,-103.314
393,OFICINAS CENTRALES ADMINISTRATIVAS,20.679007,-103.342022
394,UNIDAD ESPECIALIZADA EN ATENCION OBSTETRICA Y CUIDADOS NEONATALES GUADALAJARA,20.6742,-103.335
395,CENTRO DE ATENCION PRIMARIA EN ADICCIONES GUADALAJARA,20.713143,-103.353109
396,OFICINAS ADMINISTRATIVAS COPRISJAL,20.669031,-103.400816
397,HOSPITAL COMUNITARIO ENCARNACION DE DIAZ,21.5321,-102.24
398,UNIDAD MOVIL ENCARNACION DE DIAZ I,21.5318,-102.24
399,UNIDAD MOVIL ENCARNACION DE DIAZ II,21.532,-102.239
400,CENTRO DE SALUD BAJIO DE SAN JOSE,21.6753,-102.115
401,CENTRO DE SALUD ESTACION SAN JUAN,21.4232,-102.246
402,CENTRO DE SALUD MESON DE LOS SAUCES,21.575,-102.145
403,CENTRO DE SALUD SAN SEBASTIAN DEL ALAMO,21.4406,-102.351
404,CENTRO DE SALUD SANTA MARIA DE ENMEDIO,21.4213,-102.226
405,CENTRO DE SALUD EL TECUAN,21.6816,-102.022
406,HOSPITAL GENERAL DE LAGOS DE MORENO,21.3558,-101.934
407,UNIDAD MOVIL LAGOS I,21.3646,-101.932
408,UNIDAD MOVIL LAGOS II,21.3646,-101.932
409,UNIDAD MOVIL DE SALUD DENTAL,21.355,-101.93
410,UNIDAD MOVIL NUEVA SANTA MARIA,21.3484,-101.946
411,CENTRO DE SALUD NUEVA SANTA MARIA,21.3483,-101.946
412,CENTRO DE SALUD DOCTOR J. DE JESUS DELGADILLO ARAUJO,21.3639,-101.934
413,OFICINAS ADMINISTRATIVAS,21.3548,-101.931
414,ALMACEN,21.3562,-101.934
415,CENTRO DE SALUD RODOLFO MORAN GONZALEZ,21.3637,-101.926
416,UNIDAD MOVIL DE SALUD DE LA MUJER LAGOS DE MORENO,21.3553,-101.937
417,LABORATORIO DE SALUD PUBLICA,21.3639,-101.934
418,CENTRO DE ATENCION PRIMARIA EN ADICCIONES NUEVA VIDA LAGOS DE MORENO,21.3734,-101.921
419,CENTRO DE SALUD LOS AZULITOS,21.8468,-101.967
420,CENTRO DE SALUD BETULIA,21.7576,-102.023
421,UNIDAD MOVIL BETULIA,21.7576,-102.023
422,CENTRO DE SALUD COMANJA DE CORONA,21.3218,-101.714
423,CENTRO DE SALUD LAS CRUCES,21.2263,-101.851
424,CENTRO DE SALUD PASO DEL CUARENTA,21.5086,-101.743
425,CENTRO DE SALUD FRANCISCO PRIMO DE VERDAD,21.7499,-101.825
426,CENTRO DE SALUD PRIMERO DE MAYO,21.465,-101.83
427,CENTRO DE SALUD EL PUESTO,21.6233,-101.964
428,CENTRO DE SALUD TACUBAYA,21.7782,-101.962
429,UNIDAD MOVIL TACUBAYA,21.7783,-101.962
430,CENTRO DE SALUD LA LAGUNA ( EL BAJIO ),21.3785,-101.948
431,HOSPITAL COMUNITARIO OJUELOS,21.8638,-101.592
432,UNIDAD MOVIL OJUELOS,21.8648,-101.592
433,CENTRO DE SALUD CHINAMPAS,21.8363,-101.818
434,CENTRO DE SALUD ENCINILLAS,21.9725,-101.738
435,CENTRO DE SALUD GUADALUPE VICTORIA,21.7018,-101.619
436,CENTRO DE SALUD MATANCILLAS,21.8917,-101.65
437,CENTRO DE SALUD MATANZAS,21.6336,-101.655
438,CENTRO DE SALUD LA PAZ,21.8165,-101.767
439,CENTRO DE SALUD LA PRESA,21.7745,-101.815
440,CENTRO DE SALUD VAQUERIAS,21.7676,-101.654
441,CENTRO DE SALUD SAN DIEGO DE ALEJANDRIA,20.9928,-101.992
442,UNIDAD MOVIL SAN DIEGO DE ALEJANDRIA,20.9928,-101.992
443,UNIDAD MOVIL SAN JUAN I,21.2473,-102.331
444,UNIDAD MOVIL SAN JUAN II,21.2472,-102.332
445,CENTRO DE SALUD SAN JUAN DE LOS LAGOS,21.2473,-102.332
446,UNIDAD PERIFERICA MI NUEVO SAN JUAN,21.2549,-102.325
447,UNIDAD PERIFERICA SANTA CECILIA,21.2502,-102.346
448,UNIDAD PERIFERICA RIVIERA,21.2417,-102.322
449,UNIDAD PERIFERICA LOMA LINDA,21.2586,-102.333
450,HOSPITAL COMUNITARIO DE SAN JUAN DE LOS LAGOS,21.2468,-102.342
451,CENTRO DE ATENCION PRIMARIA EN ADICCIONES NUEVA VIDA SAN JUAN DE LOS LAGOS,21.254,-102.352
452,CENTRO DE SALUD AGUA DE OBISPO (SAUZ DE LOS IBARRA),21.3308,-102.232
453,CENTRO DE SALUD MEZQUITIC,21.2205,-102.304
454,HOSPITAL COMUNITARIO TEOCALTICHE,21.4343,-102.575
455,UNIDAD MOVIL TEOCALTICHE I,21.4312,-102.575
456,UNIDAD MOVIL TEOCALTICHE II,21.4312,-102.575
457,CENTRO DE SALUD BELEN DEL REFUGIO,21.5281,-102.438
458,CENTRO DE SALUD MECHOACANEJO,21.54,-102.597
459,CENTRO DE SALUD OSTOTAN,21.3081,-102.672
460,CENTRO DE SALUD EL ROSARIO,21.6044,-102.745
461,CENTRO DE SALUD UNION DE SAN ANTONIO,21.1318,-102.004
462,UNIDAD MOVIL UNION DE SAN ANTONIO,21.1299,-102.008
463,UNIDAD MOVIL II UNION DE SAN ANTONIO,21.1299,-102.008
464,CENTRO DE SALUD ESTACION PEDRITO,21.1342,-101.914
465,CENTRO DE SALUD TLACUITAPAN,21.1978,-102.126
466,CENTRO DE SALUD VILLA HIDALGO,21.6765,-102.59
467,UNIDAD MOVIL VILLA HIDALGO,21.6787,-102.586
468,CENTRO DE SALUD TEPUZCO,21.6128,-102.6
469,CENTRO DE SALUD ACATIC,20.7733,-102.909
470,MODULO ACATIC,20.773,-102.909
471,CENTRO DE SALUD EL REFUGIO,20.7251,-102.895
472,MODULO ARANDAS,20.7051,-102.343
473,CENTRO DE SALUD ARANDAS,20.7049,-102.343
474,CENTRO DE SALUD EL ROSARIO,20.6996,-102.352
475,CENTRO DE SALUD EL CARMEN,20.6889,-102.358
476,CENTRO DE ATENCION PRIMARIA EN ADICCIONES NUEVA VIDA ARANDAS,20.7071,-102.332
477,CENTRO DE SALUD MANUEL MARTINEZ VALADEZ,20.8323,-102.122
478,CARAVANA DE LA SALUD MANUEL MARTINEZ VALADEZ,20.8324,-102.122
479,CENTRO DE SALUD SANTA MARIA DEL VALLE,20.8779,-102.383
480,CENTRO DE SALUD SANTIAGUITO DE VELAZQUEZ,20.7237,-102.237
481,MODULO JALOSTOTITLAN,21.174,-102.46
482,CENTRO DE SALUD JALOSTOTITLAN,21.1741,-102.46
483,CENTRO DE SALUD SAN GASPAR,21.2913,-102.502
484,CENTRO DE SALUD TEOCALTITAN,21.1458,-102.398
485,CENTRO DE SALUD JESUS MARIA,20.6069,-102.222
486,MODULO JESUS MARIA,20.6072,-102.222
487,CENTRO DE SALUD JOSEFINO DE ALLENDE,20.7202,-102.085
488,CENTRO DE SALLUD AYO EL GRANDE,20.6139,-101.991
489,CENTRO DE SALUD OJO ZARCO,20.7237,-102.155
490,CENTRO DE SALUD ROSALES,20.6125,-102.126
491,CENTRO DE SALUD SAN JOSE DE LA PAZ,20.5555,-102.058
492,CENTRO DE SALUD MEXTICACAN,21.2685,-102.779
493,MODULO MEXTICACAN,21.2684,-102.779
494,CENTRO DE SALUD SAN JULIAN,21.0093,-102.175
495,CENTRO DE SALUD SAN MIGUEL EL ALTO,21.0356,-102.4
496,UNIDAD ESPECIALIZADA PARA LA ATENCION OBSTETRICA Y NEONATAL SAN MIGUEL EL ALTO,21.0374,-102.4
497,CENTRO DE SALUD MIRANDILLA,20.9433,-102.541
498,CENTRO DE SALUD SAN JOSE DE LOS REYNOSO,21.0727,-102.284
499,HOSPITAL REGIONAL TEPATITLAN,20.812,-102.78
500,MODULO TEPATITLAN,20.8087,-102.762
501,CENTRO DE SALUD TEPATITLAN,20.814,-102.761
502,CENTRO DE ATENCION PRIMARIA EN ADICCIONES NUEVA VIDA TEPATITLAN,20.8118,-102.778
503,UNIDAD MOVIL DE SALUD DE LA MUJER TEPATITLAN,20.8132,-102.761
504,LABORATORIO DE SALUD PUBLICA,20.8087,-102.762
505,ALMACEN,20.8087,-102.762
506,OFICINAS ADMINISTRATIVAS,20.8087,-102.762
507,CENTRO DE SALUD CAPILLA DE GUADALUPE,20.821,-102.59
508,CENTRO DE SALUD MEZCALA,20.9529,-102.845
509,CENTRO DE SALUD CAPILLA DE MILPILLAS,20.6635,-102.844
510,CENTRO DE SALUD PEGUEROS,20.9553,-102.667
511,CENTRO DE SALUD SAN JOSE DE GRACIA,20.6746,-102.564
512,CENTRO DE SALUD TECOMATLAN,20.617,-102.912
513,CENTRO DE SALUD VALLE DE GUADALUPE,21.0131,-102.615
514,CENTRO DE SALUD CANADAS DE OBREGON,21.1479,-102.688
515,CENTRO DE SALUD TEMACAPULIN,21.1889,-102.708
516,HOSPITAL REGIONAL YAHUALICA,21.1817,-102.888
517,MODULO YAHUALICA,21.1769,-102.887
518,CENTRO DE SALUD YAHUALICA,21.1817,-102.888
519,CENTRO DE SALUD HUISQUILCO,21.1375,-102.98
520,CENTRO DE SALUD MANALISCO,21.0617,-102.921
521,CENTRO DE SALUD SAN IGNACIO CERRO GORDO 2,20.7395,-102.535
522,CENTRO DE SALUD SAN IGNACIO,20.7442,-102.537
523,CENTRO DE SALUD LOS DOLORES,20.8058,-102.529
524,CENTRO DE SALUD CONCEPCION DE BUENOS AIRES,19.9715,-103.26
525,UNIDAD MOVIL CONCEPCION DE BUENOS AIRES,19.9712,-103.26
526,CENTRO DE SALUD JILOTLAN DE LOS DOLORES,19.3697,-103.02
527,UNIDAD MOVIL JILOTLAN DE LOS DOLORES,19.3697,-103.02
528,UNIDAD MOVIL JILOTLAN DE LOS DOLORES II,19.3698,-103.019
529,UNIDAD MOVIL JILOTLAN DE LOS DOLORES III,19.3696,-103.019
530,CENTRO DE SALUD LA LOMA,19.4294,-102.665
531,CENTRO DE SALUD TAZUMBOS,19.2935,-102.648
532,CENTRO DE SALUD SANTA MARIA DEL ORO,19.5866,-102.91
533,UNIDAD MOVIL SANTA MARIA DEL ORO I,19.5867,-102.91
534,UNIDAD MOVIL SANTA MARIA DEL ORO II,19.5867,-102.91
535,CARAVANA DE LA SALUD SANTA MARIA DEL ORO,19.5866,-102.91
536,CENTRO DE SALUD LA MANZANILLA DE LA PAZ,20.0066,-103.152
537,CENTRO DE SALUD VILLA MORELOS,20.0562,-103.147
538,CENTRO DE SALUD MAZAMITLA,19.9206,-103.021
539,UNIDAD MOVIL MAZAMITLA,19.9207,-103.022
540,CENTRO DE SALUD PIHUAMO,19.2501,-103.379
541,UNIDAD MOVIL PIHUAMO I,19.2519,-103.378
542,UNIDAD MOVIL PIHUAMO II,19.2501,-103.379
543,CENTRO DE SALUD BARRERAS,19.0214,-103.404
544,CENTRO DE SALUD EL GUAYABO,18.9833,-103.371
545,CENTRO DE SALUD EL NARANJO,19.0928,-103.501
546,CENTRO DE SALUD SAN JOSE DEL TULE,19.3279,-103.376
547,CENTRO DE SALUD QUITUPAN,19.9276432,-102.8721247
548,UNIDAD MOVIL QUITUPAN I,19.9273,-102.872
549,UNIDAD MOVIL QUITUPAN II,19.9275,-102.872
550,CENTRO DE SALUD LAZARO CARDENAS,19.8881,-102.835
551,UNIDAD MOVIL LAZARO CARDENAS,19.8881,-102.834
552,CENTRO DE SALUD LAGUNILLAS,19.8397,-102.759
553,CENTRO DE SALUD EL MONTOSO,19.6817,-102.926
554,HOSPITAL COMUNITARIO TAMAZULA,19.6817,-103.25
555,UNIDAD MOVIL TAMAZULA I,19.6838,-103.244
556,UNIDAD MOVIL DENTAL,19.6951,-103.234
557,OFICINAS ADMINISTRATIVAS,19.6838,-103.244
558,ALMACEN REGIONAL,19.6838,-103.244
559,UNIDAD MOVIL DE SALUD DE LA MUJER TAMAZULA,19.4695,-103.307
560,CENTRO DE ATENCION PRIMARIA EN ADICCIONES NUEVA VIDA TAMAZULA,19.6939,-103.242
561,CENTRO DE SALUD CONTLA,19.7541,-103.18
562,UNIDAD MOVIL CONTLA,19.7541,-103.18
563,CENTRO DE SALUD SANTA ROSA,19.5925,-103.204
564,UNIDAD MOVIL SANTA ROSA,19.5925,-103.204
565,CENTRO DE SALUD NIGROMANTE,19.6628,-103.09
566,CENTRO DE SALUD EL TULILLO,19.7281,-103.122
567,UNIDAD MOVIL LA VERDURA,19.7833,-103.118
568,CENTRO DE SALUD VISTA HERMOSA,19.6892,-103.341
569,UNIDAD MOVIL TECALITLAN I,19.4695,-103.307
570,UNIDAD MOVIL TECALITLAN II,19.4695,-103.307
571,CENTRO DE SALUD TECALITLAN,19.4732,-103.303
572,CENTRO DE SALUD AHUIJULLO,19.0847,-103.101
573,CENTRO DE SALUD VALLE DE JUAREZ,19.9358,-102.945
574,UNIDAD MOVIL VALLE DE JUAREZ,19.9332,-102.948
575,CENTRO DE SALUD PASO DE PIEDRA,19.9776,-102.951
576,CENTRO DE SALUD AMACUECA,20.0105,-103.598
577,CENTRO DE SALUD TEPEC,19.9917,-103.638
578,CENTRO DE SALUD ATEMAJAC DE BRIZUELA,20.133,-103.727
579,UNIDAD MOVIL ATEMAJAC DE BRIZUELA,20.1332,-103.727
580,CENTRO DE SALUD LAGUNILLAS,20.2049,-103.734
581,CENTRO DE SALUD ATOYAC,20.0095,-103.521
582,UNIDAD MOVIL ATOYAC,20.0097,-103.522
583,CENTRO DE SALUD CUYACAPAN,19.9666,-103.525
584,CENTRO DE SALUD UNION DE GUADALUPE,19.9108,-103.451
585,HOSPITAL REGIONAL DE CIUDAD GUZMAN,19.6982,-103.478
586,UNIDAD MOVIL DENTAL CD. GUZMAN,19.7092,-103.469
587,CIUDAD GUZMAN MODULO I,19.6908,-103.475
588,U.M. CIUDAD GUZMAN II,19.6909,-103.475
589,U.M. CIUDAD GUZMAN III,19.6908,-103.475
590,U.M. CIUDAD GUZMAN IV,19.6908,-103.475
591,CENTRO DE SALUD CIUDAD GUZMAN,19.691,-103.477
592,OFICINAS ADMINISTRATIVAS,19.71,-103.47
593,CENTRO DE ATENCION PRIMARIA EN ADICCIONES NUEVA VIDA ZAPOTLAN EL GRANDE,19.7201,-103.467
594,ALMACEN,19.7101,-103.47
595,UNIDAD MOVIL ATENCION A LA SALUD DE LA MUJER CIUDAD GUZMAN,19.71,-103.469
596,LABORATORIO DE SALUD PUBLICA,19.7104,-103.47
597,UNEMES SALUD MENTAL CIUDAD GUZMAN,19.726,-103.456
598,CENTRO DE SALUD CIUDAD GUZMAN II,19.7257,-103.456
599,CENTRO DE SALUD LA MESA Y FRESNO,19.6239,-103.515
600,CENTRO DE SALUD GOMEZ FARIAS,19.7955,-103.478
601,UNIDAD MOVIL GOMEZ FARIAS,19.7921,-103.476
602,CENTRO DE SALUD EL RODEO,19.8423,-103.436
603,CENTRO DE SALUD SAN ANDRES I,19.8205,-103.47
604,HOSPITAL COMUNITARIO SAYULA,19.8829,-103.607
605,UNIDAD MOVIL SAYULA,19.8822,-103.596
606,CENTRO DE SALUD USMAJAC,19.8691,-103.544
607,CENTRO DE SALUD TAPALPA,19.9488,-103.762
608,UNIDAD MOVIL TAPALPA I,19.9462,-103.76
609,UNIDAD MOVIL TAPALPA II,19.9462,-103.76
610,UNIDAD MOVIL TAPALPA III,19.9462,-103.76
611,CARAVANA TIPO 0 TAPALPA,19.9495,-103.762
612,CENTRO DE SALUD ATACCO,19.9252,-103.739
613,CENTRO DE SALUD JUANACATLAN,20.0327,-103.687
614,CENTRO DE SALUD RURAL DE TECHALUTA,20.074,-103.554
615,UNIDAD MOVIL TECHALUTA,20.074,-103.554
616,CENTRO DE SALUD TEOCUITATLAN,20.0907,-103.378
617,UNIDAD MOVIL TEOCUITATLAN DE CORONA,20.0941,-103.38
618,UNIDAD MOVIL TEOCUITATLAN DE CORONA II,20.0941,-103.38
619,CENTRO DE SALUD CITALA,20.1039,-103.262
620,CENTRO DE SALUD SAN JOSE DE GRACIA,20.0964,-103.44
621,CENTRO DE SALUD TOLIMAN,19.6004,-103.914
622,UNIDAD MOVIL TOLIMAN I,19.6004,-103.914
623,UNIDAD MOVIL TOLIMAN II,19.6004,-103.914
624,CENTRO DE SALUD COPALA,19.6117,-103.773
625,CENTRO DE SALUD SANTA ELENA,19.5509,-103.87
626,CENTRO DE SALUD TONILA,19.4083,-103.549
627,UNIDAD MOVIL TONILA,19.4113,-103.548
628,CENTRO DE SALUD SAN MARCOS,19.4439,-103.508
629,UNIDAD MOVIL TUXPAN I,19.5589,-103.378
630,UNIDAD MOVIL TUXPAN II,19.5589,-103.378
631,CENTRO DE SALUD TUXPAN,19.5567,-103.381
632,CENTRO DE SALUD SAN GABRIEL,19.7484,-103.771
633,UNIDAD MOVIL SAN GABRIEL I,19.7452,-103.765
634,UNIDAD MOVIL SAN GABRIEL II,19.7452,-103.765
635,CENTRO DE SALUD ALISTA,19.634,-103.79
636,CENTRO DE SALUD APANGO,19.782,-103.711
637,CENTRO DE SALUD EL JAZMIN,19.6513,-103.706
638,CENTRO DE SALUD JIQUILPAN,19.7801,-103.776
639,CENTRO DE SALUD SAN ANTONIO,19.7963,-103.887
640,CENTRO DE SALUD SAN JOSE RINCON,19.7664,-103.857
641,UNIDAD MOVIL ZACOALCO,20.2236,-103.568
642,CENTRO DE SALUD ZACOALCO,20.2224,-103.574
643,CENTRO DE SALUD BCA. DE OTATES,20.2691,-103.667
644,CENTRO DE SALUD BARRANCA DE STA CLARA,20.2581,-103.654
645,CENTRO DE SALUD GRAL. ANDRES,20.2999,-103.607
646,CENTRO DE SALUD SAN MARCOS EV.,20.3207,-103.536
647,CENTRO DE SALUD VERDIA,20.1584,-103.51
648,CENTRO DE SALUD DE HUESCALAPA,19.7452,-103.765
649,UNIDAD MOVIL ZAPOTILTIC,19.6296,-103.427
650,CENTRO DE SALUD ZAPOTILTIC,19.6306,-103.421
651,CENTRO DE SALUD EL ASERRADERO,19.5424,-103.252
652,CENTRO DE SALUD FERRERIA,19.7456,-103.331
653,CENTRO DE SALUD EL RINCON,19.6673,-103.401
654,CENTRO DE SALUD ZAPOTITLAN,19.5488,-103.812
655,UNIDAD MOVIL ZAPOTITLAN I,19.5474,-103.811
656,UNIDAD MOVIL ZAPOTITLAN II,19.5474,-103.811
657,CARAVANA TIPO 0 ZAPOTITLAN DE VADILLO,19.5489,-103.812
658,CENTRO DE SALUD SAN JOSE DEL CARMEN,19.464,-103.772
659,CENTRO DE SALUD ATENGO,20.2742,-104.238
660,CARAVANA DE LA SALUD ATENGO,20.2744,-104.239
661,CENTRO DE SALUD SOYATLAN DEL ORO,20.2996,-104.282
662,HOSPITAL REGIONAL DE AUTLAN,19.7681,-104.355
663,MODULO AUTLAN,19.7733,-104.368
664,UNIDAD MOVIL DENTAL,19.773,-104.368
665,CENTRO DE SALUD COLONIA EJIDAL,19.755,-104.367
666,CENTRO DE SALUD ARQUITOS,19.7824,-104.366
667,CENTRO DE SALUD AUTLAN,19.7732,-104.368
668,UNEMES SALUD MENTAL AUTLAN,19.776,-104.376
669,CENTRO DE ATENCION PRIMARIA EN ADICCIONES NUEVA VIDA AUTLAN,19.7722,-104.379
670,CARAVANA DE LA SALUD AUTLAN,19.773,-104.368
671,UNIDAD MOVIL DE SALUD DE LA MUJER AUTLAN,19.7729,-104.368
672,LABORATORIO DE SALUD PUBLICA,19.773,-104.368
673,ALMACEN,19.7654,-104.359
674,OFICINAS ADMINISTRATIVAS,19.773,-104.368
675,CENTRO DE SALUD AHUACAPAN,19.6783,-104.327
676,CENTRO DE SALUD CORCOVADO,19.8472,-104.285
677,CENTRO DE SALUD EL CHANTE,19.7158,-104.205
678,CENTRO DE SALUD JALOCOTE,19.8197,-104.423
679,CENTRO DE SALUD LAGUNILLAS,19.7156,-104.288
680,CENTRO DE SALUD AYUTLA,20.1241,-104.341
681,MODULO AYUTLA,20.1249,-104.341
682,MODULO POTRERITOS,20.1252,-104.342
683,CARAVANA DE LA SALUD AYUTLA,20.1272,-104.345
684,CENTRO DE SALUD AYUTLA,20.125,-104.341
685,CENTRO DE SALUD SAN JUAN CACOMA,19.8906,-104.485
686,CENTRO DE SALUD SAN MIGUEL DE LA SIERRA,20.0992,-104.6
687,CENTRO DE SALUD SANTA ROSALIA,20.0347,-104.464
688,CENTRO DE SALUD TEPANTLA,20.1885,-104.331
689,CENTRO DE SALUD CASIMIRO CASTILLO,19.6033,-104.436
690,CARAVANA DE LA SALUD CASIMIRO CASTILLO,19.6031,-104.436
691,CENTRO DE SALUD LO ARADO,19.6267,-104.536
692,CENTRO DE SALUD EL CHICO,19.5658,-104.555
693,CENTRO DE SALUD TECOMATES,19.5506,-104.486
694,HOSPITAL COMUNITARIO CIHUATLAN,19.2302,-104.686
695,MODULO CIHUATLAN,19.2375,-104.568
696,CENTRO DE SALUD EL AGUACATE,19.2263,-104.643
697,CENTRO DE SALUD BARRA DE NAVIDAD,19.2073,-104.679
698,CENTRO DE SALUD JALUCO,19.2292,-104.687
699,CENTRO DE SALUD SAN PATRICIO,19.2243,-104.704
700,CENTRO DE SALUD CUAUTITLAN DE G.BARRAGAN,19.4513,-104.357
701,MODULO CUAUTITLAN,19.4512,-104.357
702,CARAVANA DE LA SALUD CUAUTITLAN,20.1996,-104.044
703,CENTRO DE SALUD AYOTITLAN I,19.4694,-104.184
704,MODULO AYOTITLAN I,19.4694,-104.184
705,MODULO AYOTITLAN II,19.4694,-104.184
706,MODULO AYOTITLAN III,19.4694,-104.184
707,CENTRO DE SALUD CUZALAPA,19.4972,-104.311
708,MODULO CUZALAPA,19.4971,-104.311
709,CENTRO DE SALUD CHACALA,19.3271,-104.283
710,MODULO CHACALA,19.3271,-104.283
711,CENTRO DE SALUD TELCRUZ,19.4758,-104.126
712,MODULO TELCRUZ,19.4758,-104.126
713,CENTRO DE SALUD TEQUESQUITLAN,19.3865,-104.52
714,CENTRO DE SALUD CUAUTLA,20.1994,-104.408
715,MODULO CUAUTLA,20.1994,-104.407
716,CENTRO DE SALUD CHILACAYOTE,20.1386,-104.649
717,CENTRO DE SALUD CHIQUILISTLAN,20.0854,-103.863
718,MODULO CHIQUILISTLAN,20.0858,-103.862
719,CENTRO DE SALUD JALPA,20.0355,-103.934
720,CENTRO DE SALUD EJUTLA,19.9065,-104.165
721,MODULO EJUTLA,19.9063,-104.165
722,HOSPITAL COMUNITARIO EL GRULLO,19.8051,-104.215
723,MODULO EL GRULLO,19.811,-104.226
724,CENTRO DE SALUD EL GRULLO,19.8053,-104.215
725,CENTRO INTEGRAL DE SALUD MENTAL EL GRULLO,19.8127229,-104.2267106
726,UNEME CRONICO EL GRULLO,,
727,CENTRO DE SALUD AYUQUILA,19.84,-104.271
728,HOSPITAL COMUNITARIO LA HUERTA,19.481,-104.646
729,MODULO LA HUERTA,19.485,-104.643
730,CENTRO DE ATENCION PRIMARIA EN ADICCIONES NUEVA VIDA LA HUERTA,19.4857,-104.635
731,CARAVANA DE LA SALUD LA HUERTA,19.4857,-104.642
732,CENTRO DE SALUD LA COFRADIA,19.5169,-104.717
733,CENTRO DE SALUD LA CONCEPCION,19.4934,-104.562
734,CENTRO DE SALUD FRANCISCO VILLA,19.3844,-104.972
735,CENTRO DE SALUD LA MANZANILLA,19.2899,-104.782
736,CENTRO DE SALUD SAN MATEO,19.5817,-105.097
737,CENTRO DE SALUD JUAN GIL PRECIADO,19.604,-105.07
738,UNIDAD DE URGENCIAS CAREYES,19.4447,-105.023
739,CENTRO DE SALUD MIGUEL HIDALGO NUEVO,19.3539,-104.89
740,MODULO MIGUEL HIDALGO NUEVO,19.3538,-104.89
741,CENTRO DE SALUD PUNTA PERULA,19.5902,-105.127
742,CENTRO DE SALUD JUCHITLAN,20.0863,-104.099
743,CENTRO DE SALUD LOS GUAJES,20.0867,-104.025
744,CENTRO DE SALUD EL LIMON,19.826,-104.162
745,MODULO EL LIMON,19.826,-104.162
746,CENTRO DE SALUD LA CIENEGA,19.8381,-104.138
747,CENTRO DE SALUD SAN MIGUEL DE HIDALGO,19.8632,-104.082
748,CENTRO DE SALUD PURIFICACION,19.7187,-104.61
749,MODULO PURIFICACION,19.7187,-104.61
750,CARAVANA DE LA SALUD VILLA PURIFICACION,19.7187,-104.611
751,CENTRO DE SALUD ALCIHUATL,19.9075,-104.719
752,MODULO ALCIHUATL,19.9075,-104.719
753,CENTRO DE SALUD PABELO,19.8834,-104.634
754,MODULO PABELO,19.8835,-104.634
755,CENTRO DE SALUD SAN MIGUEL II,19.6781,-104.729
756,MODULO SAN MIGUEL,19.6784,-104.729
757,CENTRO DE SALUD LOS LINDOS,19.8862,-104.969
758,CENTRO DE SALUD TECOLOTLAN,20.1943,-104.031
759,MODULO TECOLOTLAN,20.2005,-104.046
760,CENTRO DE SALUD AYOTITLAN II,20.22,-103.944
761,CENTRO DE SALUD QUILA,20.3556,-104.081
762,CENTRO DE SALUD TAMAZULITA,20.2031,-103.974
763,CENTRO DE SALUD TENAMAXTLAN,20.2156,-104.168
764,MODULO TENAMAXTLAN,20.2152,-104.163
765,CENTRO DE SALUD COLOTITLAN,20.0939,-104.154
766,CENTRO DE SALUD JUANACATLAN,20.1922,-104.254
767,CENTRO DE SALUD MIRAPLANES,20.1483,-104.176
768,CENTRO DE SALUD PALO BLANCO,20.0967,-104.17
769,CENTRO DE SALUD TONAYA,19.7844,-103.971
770,MODULO COATLANCILLO,19.7872,-103.971
771,CENTRO DE SALUD TUXCACUESCO,19.697,-103.984
772,CARAVANA DE LA SALUD TUXCACUESCO,19.697,-103.984
773,CENTRO DE SALUD APULCO,19.7365,-103.901
774,CENTRO DE SALUD UNION DE TULA,19.9604,-104.264
775,UNIDAD MOVIL DE UNION DE TULA,19.9575,-104.268
776,CENTRO DE SALUD IXTLAHUACAN DE SANTIAGO,19.9977,-104.184
777,CENTRO DE SALUD SAN CLEMENTE,20.0861,-104.252
778,CENTRO DE SALUD EL TUITO,20.319,-105.322
779,MODULO CABO CORRIENTES,20.319,-105.322
780,MODULO CABO CORRIENTES I,20.319,-105.322
781,CENTRO DE SALUD CHACALA,20.4283,-105.468
782,CENTRO DE SALUD LLANO GRANDE DE IPALA,20.3117,-105.48
783,CENTRO DE SALUD DE YELAPA,20.487,-105.447
784,HOSPITAL COMUNITARIO MASCOTA,20.527,-104.791
785,MODULO MASCOTA,20.5252,-104.784
786,CENTRO DE ATENCION PRIMARIA EN ADICCIONES NUEVA VIDA MASCOTA,20.5321,-104.789
787,CENTRO DE SALUD NAVIDAD,20.5726,-104.673
788,CENTRO DE SALUD RINCON DE MIRANDILLAS,20.3003,-104.696
789,CENTRO DE SALUD ZACATONGO,20.8092,-104.585
790,HOSPITAL REGIONAL DE PUERTO VALLARTA,20.6271,-105.223
791,MODULO PUERTO VALLARTA,20.6143,-105.231
792,UNIDAD MOVIL DENTAL,20.6133,-105.232
793,CENTRO DE SALUD DOCTOR ROBERTO MENDIOLA ORTA,20.6034,-105.228
794,CENTRO DE SALUD RAFAEL CUEVA ZEPEDA,20.6539,-105.22
795,CENTRO DE SALUD PUERTO VALLARTA (CENTRO),20.6142,-105.231
796,ALMACEN,20.6532,-105.218
797,OFICINAS ADMINISTRATIVAS,20.6143,-105.231
798,UNEMES SALUD MENTAL PUERTO VALLARTA,20.6656,-105.222
799,UNIDAD MOVIL DE ATENCION A LA SALUD DE LA MUJER PUERTO VALLARTA,20.6142,-105.231
800,LABORATORIO DE SALUD PUBLICA,20.6035,-105.228
801,CENTRO AMBULATORIO PARA LA PREVENCION DEL SIDA E INFECCIONES DE TRANSMISION SEXUAL (CAPASITS),20.6689,-105.21
802,CENTRO DE ATENCION PRIMARIA EN ADICCIONES CENTRO NUEVA VIDA DE PUERTO VALLARTA,20.7116,-105.212
803,CENTRO DE SALUD IXTAPA 2,20.7107,-105.213
804,CENTRO DE SALUD IXTAPA,20.7147,-105.2
805,CENTRO DE SALUD LAS JUNTAS,20.7008,-105.247
806,CENTRO DE SALUD LAS PALMAS,20.8238,-105.103
807,CENTRO DE SALUD EL RANCHITO,20.7322,-105.151
808,CENTRO DE SALUD SAN SEBASTIAN DEL OESTE,20.762,-104.851
809,MODULO SAN SEBASTIAN DEL OESTE,20.762,-104.851
810,CENTRO DE SALUD SAN FELIPE DE HIJAR,20.9013,-104.722
811,MODULO SAN FELIPE DE HIJAR,20.9014,-104.723
812,CENTRO DE SALUD TALPA DE ALLENDE,20.3757,-104.815
813,CENTRO DE SALUD CABOS,20.5047,-104.881
814,CENTRO DE SALUD DE CONCEPCION DE BRAMADOR,20.2447,-105.078
815,CENTRO DE SALUD EL CUALE,20.3942,-105.072
816,CENTRO DE SALUD LA CUESTA,20.1808,-104.817
817,MODULO TALPA (LA CUESTA),20.1808,-104.817
818,CENTRO DE SALUD EL DESMORONADO,20.3164,-104.971
819,HOSPITAL COMUNITARIO TOMATLAN,19.9398,-105.249
820,MODULO TOMATLAN I,19.9387,-105.247
821,MODULO TOMATLAN II,19.9387,-105.247
822,MODULO TOMATLAN III,19.9387,-105.247
823,CENTRO DE SALUD CAMPO ACOSTA,19.772,-105.249
824,CENTRO DE SALUD CRUZ DE LORETO,20.0082,-105.454
825,CENTRO DE SALUD GARGANTILLO,20.0192,-105.345
826,CENTRO DE SALUD LA GLORIA,19.9425,-105.37
827,CENTRO DE SALUD JOSE MA. MORELOS,19.679,-105.184
828,CENTRO DE SALUD LLANO GRANDE CACALUTA,20.0372,-104.874
829,CENTRO DE SALUD SAN RAFAEL DE LOS MORENO,20.1224,-105.194
830,CENTRO DE SALUD EL TEQUESQUITE,20.0668,-105.299
831,CENTRO DE SALUD EL TULE,20.0275,-105.244
832,CENTRO DE SALUD JOSE MA. PINO SUAREZ,19.9475,-105.326
833,CENTRO DE SALUD AHUALULCO DE MERCADO,20.7039,-103.982
834,UNIDAD MOVIL SALUD RURAL AHUALULCO,20.7037,-103.982
835,CENTRO DE SALUD EL CARMEN DE ORDAZ,20.6544,-103.914
836,CENTRO DE SALUD SANTA CRUZ DE BARCENAS,20.6707,-104
837,CENTRO DE SALUD SAN IGNACIO OJO DE AGUA,20.6547,-103.936
838,CENTRO DE SALUD AMATITAN,20.835,-103.733
839,CENTRO DE SALUD ACHIO CHOME,20.8957,-103.736
840,CENTRO DE SALUD SANTIAGUITO,20.7803,-103.722
841,HOSPITAL REGIONAL DE AMECA,20.5335,-104.034
842,CARAVANA DE LA SALUD AMECA I,20.5489,-104.064
843,UNIDAD MOVIL AMECA II,20.5489,-104.064
844,EEC. AMECA 3 SALUD RURAL,20.5403,-104.042
845,UNIDAD MOVIL DENTAL,20.538,-104.042
846,CENTRO DE SALUD AMECA URBANO,20.5381,-104.042
847,OFICINAS ADMINISTRATIVAS,20.5378,-104.042
848,ALMACEN,20.538,-104.042
849,CENTRO DE SALUD LOS MEZQUITES,20.5488,-104.064
850,UNIDAD MOVIL DE ATENCION A LA SALUD DE LA MUJER AMECA,20.5379,-104.042
851,CENTRO DE ATENCION PRIMARIA EN ADICCIONES NUEVA VIDA AMECA,20.549,-104.065
852,UNEMES SALUD MENTAL AMECA,20.5522,-104.062
853,CENTRO DE SALUD EL CABEZON,20.4992,-103.953
854,CENTRO DE SALUD SAN ANTONIO MATUTE,20.5665,-103.954
855,CENTRO DE SALUD PUERTA DE LA VEGA,20.5886,-103.901
856,CENTRO DE SALUD TEXCALAME,20.4564,-104.069
857,CENTRO DE SALUD VILLAHERMOSA,20.4962,-103.991
858,CENTRO DE SALUD LA VILLITA,20.5862,-104.174
859,CENTRO DE SALUD ANTONIO ESCOBEDO,20.7992,-104.002
860,CENTRO DE SALUD ANTONIO ESCOBEDO,20.7956,-104
861,CENTRO DE SALUD ESTANCIA DE AYONES,20.8819,-104.085
862,CENTRO DE SALUD SAN PEDRO,20.8187,-104.06
863,CENTRO DE SALUD SANTIAGUITO,20.845,-104.023
864,CENTRO DE SALUD ARENAL,20.7832,-103.696
865,CENTRO DE SALUD HUAXTLA,20.7312,-103.661
866,CENTRO DE SALUD SANTA CRUZ DEL ASTILLERO,20.7445,-103.64
867,CENTRO DE SALUD ATENGUILLO,20.414,-104.486
868,CARAVANA DE LA SALUD ATENGUILLO,20.4161,-104.488
869,CENTRO DE SALUD VOLCANES,20.321,-104.537
870,HOSPITAL REGIONAL COCULA,20.3713,-103.822
871,CENTRO DE SALUD COCULA,20.3672,-103.83
872,UNIDAD MOVIL SALUD RURAL COCULA,20.3678,-103.83
873,CENTRO DE SALUD CAMICHINES,20.4987,-103.805
874,CENTRO DE SALUD COFRADIA DE LA LUZ,20.4059,-103.769
875,CENTRO DE SALUD SAN NICOLAS,20.4679,-103.817
876,CENTRO DE SALUD ETZATLAN,20.7672,-104.079
877,EEC. ETZATLAN SALUD RURAL,20.7663,-104.077
878,CENTRO DE SALUD OCONAHUA,20.7435,-104.164
879,CENTRO DE SALUD GUACHINANGO,20.5728,-104.378
880,UNIDAD MOVIL SALUD RURAL GUACHINANGO,20.5724,-104.378
881,CENTRO DE SALUD TABLILLO EL,20.8031,-104.548
882,CARAVANA DE LA SALUD GUACHINANGO NORTE,20.803,-104.548
883,CENTRO DE SALUD HOSTOTIPAQUILLO,21.0621,-104.048
884,UNIDAD MOVIL SALUD RURAL HOSTOTIPAQUILLO,21.0623,-104.048
885,CARAVANA DE LA SALUD HOSTOTIPAQUILLO,21.0625,-104.048
886,CENTRO DE SALUD CINCO MINAS,21.035,-103.933
887,CENTRO DE SALUD VENTA DE MOCHITILTIC,21.0171,-104.143
888,HOSPITAL REGIONAL DE MAGDALENA,20.9092,-103.968
889,CENTRO DE SALUD MAGDALENA,20.9076,-103.978
890,UNIDAD MOVIL SALUD RURAL MAGDALENA,20.9074,-103.978
891,CENTRO DE SALUD SAN ANDRES,20.9235,-104.09
892,CENTRO DE SALUD MIXTLAN,20.4422,-104.408
893,CENTRO DE SALUD LA LAJA,20.5871,-104.528
894,CENTRO DE SALUD SAN MARCOS,20.7932,-104.194
895,CENTRO DE SALUD SAN MARTIN HIDALGO,20.4339,-103.932
896,UNIDAD MOVIL SALUD RURAL SAN MARTIN HIDALGO,20.4345,-103.93
897,CENTRO DE SALUD CRUCERO DE SANTA MARIA,20.386,-103.86
898,CENTRO DE SALUD SALITRE EL,20.5046,-103.859
899,CENTRO DE SALUD SANTA CRUZ DE LAS FLORES,20.3905,-103.95
900,CENTRO DE SALUD TEPEHUAJE DE MORELOS,20.4333,-103.919
901,UNIDAD MOVIL DE TALA,20.6473,-103.708
902,C.S. CAPILLA DE SAN JUAN,20.6532,-103.698
903,CENTRO DE SALUD TALA COLONIA GUADALUPE,20.6608,-103.713
904,CENTRO DE SALUD TALA,20.6473,-103.708
905,UNIDAD ESPECIALIZADA EN ATENCION OBSTETRICA Y CUIDADOS NEONATALES TALA,20.6537,-103.71
906,CENTRO DE SALUD AHUISCULCO,20.5713,-103.704
907,CENTRO DE SALUD CUISILLOS,20.6077,-103.776
908,CENTRO DE SALUD CUXPALA,20.5606,-103.644
909,CENTRO DE SALUD NAVAJAS,20.5352,-103.68
910,CENTRO DE SALUD PACANA,20.6031,-103.822
911,CENTRO DE SALUD EL REFUGIO,20.6756,-103.737
912,CENTRO DE SALUD SAN ISIDRO MAZATEPEC,20.522,-103.614
913,CENTRO DE SALUD TEQUILA,20.8789,-103.841
914,CENTRO DE SALUD JALPILLA,21.1811,-103.726
915,CENTRO DE SALUD EL SALVADOR,21.019,-103.715
916,CARAVANA DE LA SALUD EL SALVADOR,21.019,-103.715
917,CENTRO DE SALUD SAN PEDRO ANALCO,21.1378,-103.95
918,CENTRO DE SALUD TEUCHITLAN,20.6845,-103.854
919,CENTRO DE SALUD LA ESTANZUELA,20.6722,-103.825
920,CENTRO DE SALUD LABOR DE RIVERA,20.6769,-103.879
921,CENTRO DE SALUD LA VEGA,20.5856,-103.858
